{
  "f1_macro": {
    "mean": 0.9357623067160972,
    "std": 0.025963452119603637,
    "values": [
      0.8963193328547137,
      0.950524014725703,
      0.9524586134895776,
      0.9143953543429486,
      0.9651142181675434
    ]
  },
  "f1_micro": {
    "mean": 0.9707578707638339,
    "std": 0.00794648503658191,
    "values": [
      0.963130173062453,
      0.9652623798965262,
      0.9800738007380074,
      0.9644970414201184,
      0.9808259587020649
    ]
  },
  "precision_macro": {
    "mean": 0.9557062173883267,
    "std": 0.017083986165571816,
    "values": [
      0.9397837370821612,
      0.9576398531541074,
      0.9559675424988404,
      0.9390353440650125,
      0.9861046101415125
    ]
  },
  "recall_macro": {
    "mean": 0.9210963707423587,
    "std": 0.03385671041616587,
    "values": [
      0.867588919333685,
      0.9439411329857599,
      0.9528953769177233,
      0.894695758996313,
      0.9463606654783125
    ]
  }
}