{
  "f1_macro": {
    "mean": 0.745414675317099,
    "std": 0.010822118003558283,
    "values": [
      0.7472276761902513,
      0.7595740532568975,
      0.7330196936482142,
      0.7541564510665635,
      0.7330955024235691
    ]
  },
  "f1_micro": {
    "mean": 0.756184703689472,
    "std": 0.013049898989392733,
    "values": [
      0.7446043165467626,
      0.7637362637362637,
      0.7481481481481481,
      0.7783882783882784,
      0.746046511627907
    ]
  },
  "precision_macro": {
    "mean": 0.8184829617711025,
    "std": 0.019918291724108837,
    "values": [
      0.8126917432444506,
      0.7961137072714778,
      0.8547596489763432,
      0.8215253992471734,
      0.8073243101160671
    ]
  },
  "recall_macro": {
    "mean": 0.6925634401455997,
    "std": 0.02787356896876007,
    "values": [
      0.6970477050930237,
      0.7312129618639565,
      0.6504101837138277,
      0.7092982632218684,
      0.6748480868353223
    ]
  }
}