{
  "banking_trojan": {
    "perm_accessibility": 1.2324346447368033,
    "sbom_package_count": 0.3899907754489276,
    "api_reflection_count": 0.38995684804996816,
    "feat_overlay_accessibility": 0.3783337546474674,
    "api_file_io_count": 0.2901396677977065,
    "perm_overlay": 0.25883453491738595,
    "static_tracker_count": 0.23301370702999766,
    "perm_send_sms": 0.14327010025150855,
    "dyn_static_url_delta": 0.13777245506490657,
    "avg_string_entropy": 0.1347638533448054,
    "api_crypto_count": 0.11761717838523465,
    "perm_camera": 0.10578485057594317,
    "api_base64_count": 0.09413190752225106,
    "binary_unfortified_ratio": 0.0916711462841738,
    "cert_high_findings": 0.08765732403320596,
    "static_bad_domains": 0.07909687267150477,
    "firebase_url_count": 0.07450469393237164,
    "apkid_suspicious_compiler": 0.06812540562806375,
    "dyn_sqlite_access": 0.06723207633550744,
    "appsec_high_count": 0.06720242740640095
  },
  "sms_stealer": {
    "perm_send_sms": 1.9814162308745094,
    "perm_read_sms": 0.9642232854414312,
    "api_crypto_count": 0.5035724997009391,
    "perm_receive_sms": 0.3846008565683858,
    "dyn_domain_count": 0.31207902242332586,
    "api_reflection_count": 0.29291754698284295,
    "dyn_clipboard_access": 0.2461630471573301,
    "sbom_package_count": 0.22907877742066504,
    "api_file_io_count": 0.2092823482309554,
    "perm_record_audio": 0.17809538112980708,
    "dyn_apimon_call_count": 0.17474493144774528,
    "perm_camera": 0.16308675713623258,
    "avg_string_entropy": 0.16031521931939066,
    "apkid_suspicious_compiler": 0.1462631847268464,
    "api_base64_count": 0.13545886842518812,
    "strings_code_count": 0.13243874435073516,
    "firebase_url_count": 0.12497218909030505,
    "perm_accessibility": 0.12282762029901938,
    "appsec_score": 0.12067065379199758,
    "perm_read_phone_state": 0.11214865249797178
  },
  "spyware": {
    "perm_accessibility": 0.4826415042134256,
    "sbom_package_count": 0.4392851805880038,
    "perm_read_contacts": 0.2469063551799436,
    "dyn_base64_strings": 0.2151641049266387,
    "dyn_clipboard_access": 0.2057392977887545,
    "api_file_io_count": 0.17977886797037315,
    "perm_record_audio": 0.17432889712813696,
    "dyn_domain_count": 0.17319328546835783,
    "avg_string_entropy": 0.1384577344003699,
    "api_base64_count": 0.10872358611814993,
    "dyn_sqlite_access": 0.10424716881459943,
    "perm_send_sms": 0.09698488032329722,
    "dyn_url_count": 0.0929211463057459,
    "binary_unfortified_ratio": 0.09201297806793308,
    "perm_read_call_log": 0.08869367702204502,
    "feat_overlay_accessibility": 0.08258537362470995,
    "binary_total_libs": 0.07506940364467822,
    "perm_receive_sms": 0.0673750978353244,
    "short_string_ratio": 0.06686042151338005,
    "max_string_entropy": 0.06279762577559596
  },
  "ransomware": {
    "api_crypto_count": 0.9036246401110545,
    "perm_device_admin": 0.7252071062787455,
    "api_file_io_count": 0.639357976438542,
    "perm_write_settings": 0.32365915592791084,
    "code_ecb_mode": 0.2290205017066008,
    "api_reflection_count": 0.20324029754209258,
    "dyn_domain_count": 0.18908961719091805,
    "dyn_url_count": 0.16134471212787682,
    "api_message_digest_count": 0.15854590087491904,
    "dyn_base64_strings": 0.1484217453010024,
    "cert_warning_findings": 0.12517148878731513,
    "api_ipc_count": 0.12475762201812225,
    "short_string_ratio": 0.10199224332708183,
    "sbom_package_count": 0.10183874454422993,
    "manifest_min_sdk": 0.09229391673461536,
    "static_tracker_count": 0.09196770233602591,
    "appsec_score": 0.0881646516761836,
    "max_string_entropy": 0.08801889679565107,
    "dangerous_perm_count": 0.08347011533662411,
    "perm_accessibility": 0.07866907735644939
  },
  "adware": {
    "sbom_package_count": 0.8021896063321025,
    "static_tracker_count": 0.5973303432922096,
    "perm_accessibility": 0.3649189636669494,
    "api_file_io_count": 0.3344895372931589,
    "feat_overlay_accessibility": 0.2346487909202367,
    "binary_total_libs": 0.23009550121813754,
    "dyn_base64_strings": 0.2112133674636541,
    "perm_record_audio": 0.17699280315796773,
    "avg_string_entropy": 0.1715069156768386,
    "api_crypto_count": 0.147247808504725,
    "api_reflection_count": 0.14688859838132345,
    "perm_camera": 0.1458746203818192,
    "static_domain_count": 0.14099372702798157,
    "static_http_ratio": 0.13219449658170535,
    "short_string_ratio": 0.12973503158801805,
    "dyn_tracker_count": 0.10706879436092578,
    "manifest_unprotected_exported": 0.10664417768730215,
    "dyn_url_count": 0.10223881828118322,
    "perm_read_contacts": 0.09642976445326996,
    "binary_unfortified_ratio": 0.09124590954817334
  },
  "obfuscated_loader": {
    "api_reflection_count": 0.9044778668049432,
    "apkid_suspicious_compiler": 0.40727872385808916,
    "avg_string_entropy": 0.29556649955224423,
    "feat_obfuscated_suspicious": 0.289106880921043,
    "apkid_unknown_compiler": 0.24039235282695154,
    "dyn_apimon_call_count": 0.16751663386514545,
    "dyn_base64_strings": 0.15778825978155805,
    "manifest_unprotected_exported": 0.1332084531033201,
    "binary_unfortified_ratio": 0.11171110974988444,
    "short_string_ratio": 0.0955495671693272,
    "perm_send_sms": 0.08680478670930676,
    "code_total_findings": 0.08458849395920985,
    "manifest_target_sdk": 0.08405372453146803,
    "sbom_package_count": 0.0793582549157882,
    "strings_code_count": 0.07027138091534069,
    "perm_read_sms": 0.06025921664535984,
    "dyn_droidmon_call_count": 0.053606686411091925,
    "dyn_static_url_delta": 0.051092468934664285,
    "static_url_count": 0.04914524681797629,
    "cert_warning_findings": 0.046919259712956934
  },
  "benign": {
    "sbom_package_count": 0.9462350191044948,
    "api_file_io_count": 0.7609311208466191,
    "dyn_domain_count": 0.6253896454922712,
    "api_reflection_count": 0.42236520913280073,
    "perm_camera": 0.39217124194313874,
    "binary_total_libs": 0.37512119946230366,
    "perm_accessibility": 0.33133783452923865,
    "perm_send_sms": 0.2297508803600006,
    "static_tracker_count": 0.22244094613766743,
    "feat_overlay_accessibility": 0.16681841332065683,
    "appsec_warning_count": 0.1556166759774365,
    "perm_device_admin": 0.15523833190114153,
    "avg_string_entropy": 0.15410135535665098,
    "dyn_url_count": 0.14847622603510913,
    "api_crypto_count": 0.1315250685319892,
    "dyn_apimon_call_count": 0.10962138964134303,
    "max_string_entropy": 0.10758243710723718,
    "static_domain_count": 0.10148553513033821,
    "dyn_droidmon_call_count": 0.10098045132399401,
    "perm_receive_boot": 0.07643709791533569
  }
}