{
  "banking_trojan": {
    "feat_sms_trifecta": 1.1750291485423137,
    "manifest_target_sdk": 0.6420746500737308,
    "static_url_count": 0.5702042636344977,
    "apkid_dex_count": 0.460312306140818,
    "appsec_high_count": 0.31148560708033196,
    "manifest_min_sdk": 0.3081527621887536,
    "perm_read_sms": 0.30215760272766423,
    "strings_code_count": 0.29655707536042974,
    "appsec_warning_count": 0.26473911281956397,
    "apkid_anti_vm_checks": 0.2608762612133909,
    "max_string_entropy": 0.23590199464610678,
    "api_ipc_count": 0.227136205659566,
    "static_tracker_count": 0.16795002668709078,
    "avg_string_entropy": 0.16335194443095216,
    "static_http_ratio": 0.16115859375405664,
    "perm_internet": 0.15548560819399812,
    "appsec_score": 0.15062706649143648,
    "total_perm_count": 0.15026769715259833,
    "exported_services": 0.13989547105955802,
    "binary_total_libs": 0.1380285334280579
  },
  "sms_stealer": {
    "manifest_target_sdk": 0.5782094638307811,
    "manifest_min_sdk": 0.5090050820663526,
    "strings_code_count": 0.2681977677623528,
    "exported_receivers": 0.2656837587538161,
    "binary_total_libs": 0.22659807001405521,
    "avg_string_entropy": 0.13801418750791428,
    "code_total_findings": 0.13727852598612864,
    "feat_sms_trifecta": 0.11661209390562971,
    "binary_unfortified_ratio": 0.08923429670735751,
    "appsec_warning_count": 0.08922378682399688,
    "api_ipc_count": 0.08457979651314554,
    "appsec_high_count": 0.08148197610515914,
    "static_tracker_count": 0.07188735048612577,
    "sbom_package_count": 0.0582932224750284,
    "total_perm_count": 0.058139207052300176,
    "appsec_score": 0.03924074103440954,
    "static_url_count": 0.03711128402971492,
    "max_string_entropy": 0.03621281978708006,
    "api_crypto_count": 0.029887941198240738,
    "api_file_io_count": 0.02855694629736991
  },
  "spyware": {
    "manifest_target_sdk": 1.2455869262380406,
    "perm_read_sms": 0.9054338691815901,
    "apkid_anti_vm_checks": 0.4581680652327217,
    "binary_unfortified_ratio": 0.2757402710813643,
    "manifest_min_sdk": 0.2345981089682742,
    "strings_code_count": 0.23163326576782292,
    "sbom_package_count": 0.22663107685560666,
    "perm_send_sms": 0.21746396473116164,
    "api_ipc_count": 0.21282807443002164,
    "static_http_ratio": 0.2062367571390993,
    "dangerous_perm_count": 0.20588573582805503,
    "exported_receivers": 0.19805464668916473,
    "max_string_entropy": 0.19774843060692332,
    "appsec_score": 0.16649109880401913,
    "static_http_count": 0.1398372478458225,
    "static_url_count": 0.13339894515229397,
    "api_reflection_count": 0.1232218780617623,
    "avg_string_entropy": 0.11976501630867951,
    "static_tracker_count": 0.09548303263692622,
    "apkid_dex_count": 0.08587289866494574
  },
  "obfuscated_loader": {
    "strings_code_count": 0.3085282132842359,
    "appsec_score": 0.20679245779670302,
    "cert_warning_findings": 0.18301627658725483,
    "api_ipc_count": 0.17309992308039626,
    "firebase_url_count": 0.16723347925832271,
    "total_perm_count": 0.15755971604117383,
    "code_logging_sensitive": 0.15152612010531305,
    "apkid_dex_count": 0.13831216607717564,
    "appsec_high_count": 0.1159074733497104,
    "perm_read_sms": 0.09858277745363703,
    "api_tcp_count": 0.09670920784369598,
    "apkid_unknown_compiler": 0.0945419160209437,
    "manifest_min_sdk": 0.09358835517851981,
    "max_string_entropy": 0.05400990405756638,
    "exported_services": 0.0434658272225793,
    "static_url_count": 0.04000641653774493,
    "sbom_package_count": 0.031155089268041832,
    "avg_string_entropy": 0.024439831151860984,
    "api_file_io_count": 0.021623211480301396,
    "exported_receivers": 0.0212069577527689
  },
  "benign": {
    "manifest_target_sdk": 1.3702254540063588,
    "perm_read_sms": 0.8184277833972969,
    "strings_code_count": 0.719803653203212,
    "apkid_anti_vm_checks": 0.5347679504835072,
    "dangerous_perm_count": 0.48797360154015984,
    "static_url_count": 0.43362740677419054,
    "appsec_high_count": 0.42970102472735205,
    "max_string_entropy": 0.38383297081444145,
    "total_perm_count": 0.3751059550607825,
    "static_http_ratio": 0.3585520665777434,
    "api_ipc_count": 0.33955024218073177,
    "appsec_score": 0.29568916845712706,
    "static_tracker_count": 0.28914069856494345,
    "api_reflection_count": 0.2698070759451633,
    "manifest_min_sdk": 0.25971544451839496,
    "appsec_warning_count": 0.21897330560312572,
    "api_tcp_count": 0.21445157080889368,
    "apkid_dex_count": 0.2007621834771207,
    "avg_string_entropy": 0.19626621796291066,
    "sbom_package_count": 0.16037458535324578
  }
}