{
  "evaluation": {
    "train": {
      "f1_macro": 0.9780816528603886,
      "f1_micro": 0.9901697944593387,
      "precision_macro": 0.9662559649739932,
      "recall_macro": 0.9909490998480759,
      "roc_auc_macro": 0.9999104115212317,
      "pr_auc_macro": 0.9988547653205323,
      "hamming_loss": 0.004776378636561007,
      "exact_match": 0.9778549717759444,
      "per_label": {
        "banking_trojan": {
          "f1": 0.9841534612176814,
          "precision": 0.9703947368421053,
          "recall": 0.9983079526226735,
          "support": 591,
          "roc_auc": 0.9999263682654141,
          "pr_auc": 0.9997966128310485
        },
        "sms_stealer": {
          "f1": 0.96,
          "precision": 0.9230769230769231,
          "recall": 1.0,
          "support": 36,
          "roc_auc": 0.9999509875998628,
          "pr_auc": 0.9970916429249763
        },
        "spyware": {
          "f1": 0.9805579036348268,
          "precision": 0.9965635738831615,
          "recall": 0.9650582362728786,
          "support": 601,
          "roc_auc": 0.9997986121837673,
          "pr_auc": 0.9994323558992085
        },
        "obfuscated_loader": {
          "f1": 0.9663865546218487,
          "precision": 0.9426229508196722,
          "recall": 0.9913793103448276,
          "support": 116,
          "roc_auc": 0.9998817463696135,
          "pr_auc": 0.9979565535287023
        },
        "benign": {
          "f1": 0.9993103448275862,
          "precision": 0.9986216402481047,
          "recall": 1.0,
          "support": 1449,
          "roc_auc": 0.9999943431875008,
          "pr_auc": 0.9999966614187261
        }
      }
    },
    "validation": {
      "f1_macro": 0.9334918357240733,
      "f1_micro": 0.9739714525608733,
      "precision_macro": 0.933062493062493,
      "recall_macro": 0.9339419913237602,
      "roc_auc_macro": 0.9891564285631768,
      "pr_auc_macro": 0.9422878376264483,
      "hamming_loss": 0.012550607287449392,
      "exact_match": 0.9574898785425101,
      "per_label": {
        "banking_trojan": {
          "f1": 0.9723320158102767,
          "precision": 0.9761904761904762,
          "recall": 0.968503937007874,
          "support": 127,
          "roc_auc": 0.9952906091098287,
          "pr_auc": 0.9909404183252656
        },
        "sms_stealer": {
          "f1": 0.8888888888888888,
          "precision": 0.8888888888888888,
          "recall": 0.8888888888888888,
          "support": 9,
          "roc_auc": 0.99106529209622,
          "pr_auc": 0.8690035273368608
        },
        "spyware": {
          "f1": 0.9487179487179487,
          "precision": 0.9487179487179487,
          "recall": 0.9487179487179487,
          "support": 117,
          "roc_auc": 0.9952730735224105,
          "pr_auc": 0.9858730986281218
        },
        "obfuscated_loader": {
          "f1": 0.8666666666666667,
          "precision": 0.8666666666666667,
          "recall": 0.8666666666666667,
          "support": 15,
          "roc_auc": 0.9650661099512874,
          "pr_auc": 0.8660970913144825
        },
        "benign": {
          "f1": 0.9908536585365854,
          "precision": 0.9848484848484849,
          "recall": 0.9969325153374233,
          "support": 326,
          "roc_auc": 0.9990870581361379,
          "pr_auc": 0.9995250525275107
        }
      }
    },
    "test_random": {
      "f1_macro": 0.9226309220809734,
      "f1_micro": 0.9720394736842105,
      "precision_macro": 0.9088728486038878,
      "recall_macro": 0.9374013578881153,
      "roc_auc_macro": 0.9892812758943978,
      "pr_auc_macro": 0.9524732817438075,
      "hamming_loss": 0.013765182186234818,
      "exact_match": 0.951417004048583,
      "per_label": {
        "banking_trojan": {
          "f1": 0.9689922480620154,
          "precision": 0.9541984732824428,
          "recall": 0.984251968503937,
          "support": 127,
          "roc_auc": 0.9987770602244201,
          "pr_auc": 0.9966880792718735
        },
        "sms_stealer": {
          "f1": 0.8,
          "precision": 0.7692307692307693,
          "recall": 0.8333333333333334,
          "support": 12,
          "roc_auc": 0.9872060857538035,
          "pr_auc": 0.8399157390228819
        },
        "spyware": {
          "f1": 0.95,
          "precision": 0.957983193277311,
          "recall": 0.9421487603305785,
          "support": 121,
          "roc_auc": 0.9964106086455586,
          "pr_auc": 0.9898861094550627
        },
        "obfuscated_loader": {
          "f1": 0.9032258064516129,
          "precision": 0.875,
          "recall": 0.9333333333333333,
          "support": 15,
          "roc_auc": 0.9671537926235212,
          "pr_auc": 0.9373173970783533
        },
        "benign": {
          "f1": 0.9909365558912386,
          "precision": 0.9879518072289156,
          "recall": 0.9939393939393939,
          "support": 330,
          "roc_auc": 0.9968588322246859,
          "pr_auc": 0.9985590838908662
        }
      }
    },
    "test_family": {
      "f1_macro": 0.0,
      "f1_micro": 0.0
    },
    "test_temporal": {
      "f1_macro": 0.0,
      "f1_micro": 0.0
    },
    "test_hard_benign": {
      "f1_macro": 0.0,
      "f1_micro": 0.0
    }
  },
  "baselines": {
    "logreg": {
      "f1_macro": 0.6784514696920282,
      "f1_micro": 0.8612804878048781,
      "pr_auc": 0.7113894029809816
    },
    "lgbm": {
      "f1_macro": 0.9226309220809734,
      "f1_micro": 0.9720394736842105,
      "pr_auc": 0.9524732817438075
    }
  }
}