{
  "evaluation": {
    "train": {
      "f1_macro": 0.9336159908822845,
      "f1_micro": 0.9158990788946736,
      "precision_macro": 0.9137049528943777,
      "recall_macro": 0.9611803360896483,
      "roc_auc_macro": 0.9930298085964486,
      "pr_auc_macro": 0.9882184114631567,
      "hamming_loss": 0.0407055630936228,
      "exact_match": 0.7476255088195387,
      "per_label": {
        "banking_trojan": {
          "f1": 0.9309576837416481,
          "precision": 0.9457013574660633,
          "recall": 0.9166666666666666,
          "support": 456,
          "roc_auc": 0.9933908937372902,
          "pr_auc": 0.9866487228592604
        },
        "sms_stealer": {
          "f1": 0.9918962722852512,
          "precision": 1.0,
          "recall": 0.9839228295819936,
          "support": 311,
          "roc_auc": 1.0,
          "pr_auc": 1.0
        },
        "spyware": {
          "f1": 0.8748387096774194,
          "precision": 0.7985865724381626,
          "recall": 0.9671897289586305,
          "support": 701,
          "roc_auc": 0.9697179966523521,
          "pr_auc": 0.967994096541595
        },
        "ransomware": {
          "f1": 1.0,
          "precision": 1.0,
          "recall": 1.0,
          "support": 99,
          "roc_auc": 1.0,
          "pr_auc": 0.9999999999999999
        },
        "adware": {
          "f1": 0.8557046979865772,
          "precision": 0.7478005865102639,
          "recall": 1.0,
          "support": 255,
          "roc_auc": 0.9982885360871173,
          "pr_auc": 0.9924472943728584
        },
        "obfuscated_loader": {
          "f1": 0.8938193343898574,
          "precision": 0.9038461538461539,
          "recall": 0.8840125391849529,
          "support": 319,
          "roc_auc": 0.989811233698381,
          "pr_auc": 0.9704387664683836
        },
        "benign": {
          "f1": 0.9880952380952381,
          "precision": 1.0,
          "recall": 0.9764705882352941,
          "support": 255,
          "roc_auc": 1.0,
          "pr_auc": 0.9999999999999999
        }
      }
    },
    "validation": {
      "f1_macro": 0.8098237338157148,
      "f1_micro": 0.8140214216163584,
      "precision_macro": 0.8103093991182135,
      "recall_macro": 0.8183242282955382,
      "roc_auc_macro": 0.9428429851558856,
      "pr_auc_macro": 0.8649960365715093,
      "hamming_loss": 0.08634719710669078,
      "exact_match": 0.5474683544303798,
      "per_label": {
        "banking_trojan": {
          "f1": 0.8601036269430051,
          "precision": 0.8736842105263158,
          "recall": 0.8469387755102041,
          "support": 98,
          "roc_auc": 0.9504774386818948,
          "pr_auc": 0.9112642497106973
        },
        "sms_stealer": {
          "f1": 0.8817204301075269,
          "precision": 0.9111111111111111,
          "recall": 0.8541666666666666,
          "support": 48,
          "roc_auc": 0.9871735074626866,
          "pr_auc": 0.9429900668250603
        },
        "spyware": {
          "f1": 0.8181818181818182,
          "precision": 0.7384615384615385,
          "recall": 0.9171974522292994,
          "support": 157,
          "roc_auc": 0.8818251011497016,
          "pr_auc": 0.8635569637089002
        },
        "ransomware": {
          "f1": 0.8,
          "precision": 0.7777777777777778,
          "recall": 0.8235294117647058,
          "support": 17,
          "roc_auc": 0.9828841235490852,
          "pr_auc": 0.8400925055336821
        },
        "adware": {
          "f1": 0.7130434782608696,
          "precision": 0.640625,
          "recall": 0.803921568627451,
          "support": 51,
          "roc_auc": 0.9346651868294488,
          "pr_auc": 0.7683425358245439
        },
        "obfuscated_loader": {
          "f1": 0.7832167832167832,
          "precision": 0.8235294117647058,
          "recall": 0.7466666666666667,
          "support": 75,
          "roc_auc": 0.8951590594744121,
          "pr_auc": 0.8397731025540793
        },
        "benign": {
          "f1": 0.8125,
          "precision": 0.9069767441860465,
          "recall": 0.7358490566037735,
          "support": 53,
          "roc_auc": 0.9677164789439702,
          "pr_auc": 0.8889528318436014
        }
      }
    },
    "test_random": {
      "f1_macro": 0.7516657051163997,
      "f1_micro": 0.7648114901256733,
      "precision_macro": 0.7484501992320081,
      "recall_macro": 0.7699765497419342,
      "roc_auc_macro": 0.9295228127595904,
      "pr_auc_macro": 0.8330178807089352,
      "hamming_loss": 0.11807120324470483,
      "exact_match": 0.41009463722397477,
      "per_label": {
        "banking_trojan": {
          "f1": 0.8282828282828283,
          "precision": 0.82,
          "recall": 0.8367346938775511,
          "support": 98,
          "roc_auc": 0.9345820519988818,
          "pr_auc": 0.8495044333110696
        },
        "sms_stealer": {
          "f1": 0.7785234899328859,
          "precision": 0.8055555555555556,
          "recall": 0.7532467532467533,
          "support": 77,
          "roc_auc": 0.9692640692640693,
          "pr_auc": 0.9166251097575226
        },
        "spyware": {
          "f1": 0.7901907356948229,
          "precision": 0.7038834951456311,
          "recall": 0.9006211180124224,
          "support": 161,
          "roc_auc": 0.86741519350215,
          "pr_auc": 0.867158726278391
        },
        "ransomware": {
          "f1": 0.8205128205128205,
          "precision": 0.8421052631578947,
          "recall": 0.8,
          "support": 20,
          "roc_auc": 0.9626262626262627,
          "pr_auc": 0.8632411632131876
        },
        "adware": {
          "f1": 0.6031746031746031,
          "precision": 0.5135135135135135,
          "recall": 0.7307692307692307,
          "support": 52,
          "roc_auc": 0.901233671988389,
          "pr_auc": 0.6375146679513396
        },
        "obfuscated_loader": {
          "f1": 0.7972972972972973,
          "precision": 0.7763157894736842,
          "recall": 0.8194444444444444,
          "support": 72,
          "roc_auc": 0.9100907029478459,
          "pr_auc": 0.8858073379295899
        },
        "benign": {
          "f1": 0.6436781609195402,
          "precision": 0.7777777777777778,
          "recall": 0.5490196078431373,
          "support": 51,
          "roc_auc": 0.9614477369895327,
          "pr_auc": 0.8112737265214467
        }
      }
    },
    "test_family": {
      "f1_macro": 0.7763828763828764,
      "f1_micro": 0.768361581920904,
      "precision_macro": 0.7335034013605444,
      "recall_macro": 0.8348901098901099,
      "roc_auc_macro": 0.9320937075453882,
      "pr_auc_macro": 0.8264552116371199,
      "hamming_loss": 0.11714285714285715,
      "exact_match": 0.44,
      "per_label": {
        "banking_trojan": {
          "f1": 0.875,
          "precision": 0.875,
          "recall": 0.875,
          "support": 16,
          "roc_auc": 0.9724264705882353,
          "pr_auc": 0.9317475926850927
        },
        "sms_stealer": {
          "f1": 0.7407407407407407,
          "precision": 0.7142857142857143,
          "recall": 0.7692307692307693,
          "support": 13,
          "roc_auc": 0.9584199584199584,
          "pr_auc": 0.9022390792901629
        },
        "spyware": {
          "f1": 0.7916666666666666,
          "precision": 0.6785714285714286,
          "recall": 0.95,
          "support": 20,
          "roc_auc": 0.935,
          "pr_auc": 0.9152391513285476
        },
        "ransomware": {
          "f1": 1.0,
          "precision": 1.0,
          "recall": 1.0,
          "support": 4,
          "roc_auc": 1.0,
          "pr_auc": 1.0
        },
        "adware": {
          "f1": 0.6,
          "precision": 0.5,
          "recall": 0.75,
          "support": 8,
          "roc_auc": 0.8988095238095238,
          "pr_auc": 0.5531687675070027
        },
        "obfuscated_loader": {
          "f1": 0.7272727272727273,
          "precision": 0.6666666666666666,